
insert into artist(idArtist,firstName,lastName,city,phone)
values
(328434758,'שרי','גצל','אלעד','0583255688'),
(327866885,'רות','כהן','ירושלים','0556746306'),
(123456789,'אסתי','סגל','בני ברק','0504124640'),
(987654321,'גילי','גלסנר','ירושלים','0583269378'),
(741852963,'אביגיל','רפפורט','ביתר','0583264049')

insert into shows(typeShow,IdArtist,startTime,durationTime,dateShow)
values
('קונצרט',328434758,'17:30','03:00','2026-03-09'),
('הצגה',123456789,'19:30','02:30','2025-07-27'),
('סטנדאפ',741852963,'20:00','01:30','2025-05-25'),
('מופע ילדים',987654321,'19:30','02:30','2025-07-27'),
('קרקס',123456789,'17:30','03:00','2026-03-09'),
('קונצרט',327866885,'17:30','03:00','2026-03-09')

insert into cards(idCards,IdShow,price,qty,typeCard)
values
(1,100,'180',200,'vip'),
(2,101,'100',300,'רגיל'),
(3,102,'50',120,'מוזל'),
(4,101,'150',300,'vip'),
(5,100,'150',200,'רגיל')


insert into customers(IdCustomer,firstName,lastName,phone,city)
values
(111111111,'יעל','גרינברג','0527140043','אלעד'),
(222222222,'אתי','לוי','0527654585','בני-ברק'),
(333333333,'בת-שבע','כהן','0504111421','בני-ברק'),
(444444444,'יעל','קדוש','0123456789','ירושלים'),
(555555555,'תמר','מליק','039072795','אופקים'),
(328434758,'שרי','גצל','0583255688','אלעד'),
(327866885,'רות','כהן','0556746306','ירושלים')


insert into orders(IdCustomer,IdShow,codeCardWelcome,orderDate)
values
(111111111,100,1,'2025-05-20'),
(333333333,102,2,'2025-01-02'),
(555555555,100,2,'2025-01-10'),
(111111111,104,4,'2025-07-27'),
(444444444,103,5,'2026-01-01')



